﻿<?xml version="1.0" encoding="utf-8" ?>
<gadget>
  <name>SHT</name>
  <namespace>laciudadela.net</namespace>
  <version>1.0.0.0</version>
  <author name="Pedro Anuarbe Cortes">
    <info url="http://www.laciudadela.net" text="Visit our Web site" />
    <logo src="logo.png" />
  </author>
  <copyright>&#0169; 2007</copyright>
  <description>Utiliza un arduino y un sensor SHT15 para mostrar la humedad y la temperatura</description>
  <icons>
    <icon width="64" height="64" src="icon.png" />
  </icons>
  <hosts>
    <host name="sidebar">
      <base type="HTML" apiVersion="1.0.0" src="gadget.html" />
      <permissions>full</permissions>
      <platform minPlatformVersion="0.3" />
    </host>
  </hosts>
</gadget>
